-- -----------------------------------------------------
-- Inserir Usuários
-- -----------------------------------------------------
INSERT INTO usuario VALUES(01, '33799693890', 'Marcelo', 25, 'Solteiro(a)', 'Masculino', 'Rua', 'Moyses Rusconi', 125, 'Vila Lucy', '13990000', '(11)3234-5678', '(18)99782-0332');
INSERT INTO usuario VALUES(02, '67855367878', 'Julia', 20, 'Casado(a)', 'Feminino', 'Rua', 'Antonio Marques', 99, 'Vila Anabel', '13778990', '(19)3342-7653', '(18)99653-6767');
INSERT INTO usuario VALUES(03, '34587618487', 'Guilherme', 17, 'Solteiro(a)', 'Masculino', 'Rua', 'Figueiredo', 1259, 'Jardim Europa', '13990678', '(19)99876-8765', '(18)99432-0330');
INSERT INTO usuario VALUES(04, '34621983356', 'Caike', 24, 'Divorciado(a)', 'Masculino', 'Av', 'São Paulo', 189, 'Vila Medeiros', '14990999', '(11)99875-9090', '(19)3324-0009');
INSERT INTO usuario VALUES(05, '22700867856', 'Mario', 32, 'Separado(a)', 'Masculino', 'Rua', 'Tropical', 14, 'Vila Viana', '12990567', '(11)3367-5666', '(18)99777-0302');
INSERT INTO usuario VALUES(06, '33411677890', 'Leandro', 23, 'Solteiro(a)', 'Masculino', 'Rua', 'General Afonso', 34, 'Jardim Itália', '14599000', '(11)99788-7878', '(11)99788-0445');
INSERT INTO usuario VALUES(07, '16588682109', 'Amanda', 22, 'Solteiro(a)', 'Feminino', 'Rua', 'Parque das Águas', 30, 'Vila São Tomé', '13990123', '(11)3322-7777', '(18)99782-2456');
INSERT INTO usuario VALUES(08, '12486533789', 'Laura', 17, 'Solteiro(a)', 'Feminino', 'Rua', 'Capital', 122, 'Jardim Outono', '13690876', '(17)99987-2234', '(18)3322-7441');
INSERT INTO usuario VALUES(09, '12453218767', 'Jonas', 17, 'Solteiro(a)', 'Masculino', 'Rua', 'João Carlos', 190, 'Vila Centenária', '12454444', '(19)99865-0090', '(11)99781-0915');
INSERT INTO usuario VALUES(10, '44566632213', 'Thiago', 34, 'Solteiro(a)', 'Masculino', 'Rua', 'Arcilio Luis', 119, 'Bairro Caipora', '13885678', '(11)99567-8878', '(18)98767-1456');
INSERT INTO usuario VALUES(11, '11955889088', 'Amélia', 68, 'Viúvo(a)', 'Feminino', 'Rua', 'Nevada', 123, 'Vila da Flores', '13397098', '(11)3333-8978', '(18)99785-5656');
INSERT INTO usuario VALUES(12, '18490399455', 'Gabriel', 23, 'Solteiro(a)', 'Masculino', 'Av', 'Maracanã', 22, 'Vila Londres', '13990222', '(11)99781-7654', '(18)3324-6688');
INSERT INTO usuario VALUES(13, '22344566777', 'João', 19, 'Solteiro(a)', 'Masculino', 'Rua', 'Litoral', 467, 'Vila Capital', '14567889', '(11)99657-5678', '(18)99782-0101');
INSERT INTO usuario VALUES(14, '12487644678', 'Beatriz', 34, 'Casado(a)', 'Feminino', 'Av', 'Maracanã', 228, 'Vila Norte', '13990222', '(11)3224-5600', '(18)97869-4321');
INSERT INTO usuario VALUES(15, '33167890097', 'Bianca', 23, 'Solteiro(a)', 'Feminino', 'Rua', 'Moyses Rusconi', 240, 'Vila Lucy', '13990000', '(11)99661-2012', '(11)99754-2023');
INSERT INTO usuario VALUES(16, '11544822297', 'Ana', 30, 'Separado(a)', 'Outro(a)', 'Rua', 'Atleticana', 302, 'Bairro da Lagoa', '13333333', '(19)3651-5666', '(18)3325-5678');
INSERT INTO usuario VALUES(17, '55677432224', 'Vinicius', 27, 'Solteiro(a)', 'Masculino', 'Rua', 'São Carlos', 88, 'Vila Outrora', '14256436', '(11)99878-7473', '(18)99675-8989');

-- -----------------------------------------------------
-- Inserir Funcionario
-- -----------------------------------------------------
INSERT INTO funcionario VALUES(01, 'Julio', '56723477890', 'Masculino', 34, '(11)3345-9090', '(18)99782-7503');
INSERT INTO funcionario VALUES(02, 'Renata', '12445672908', 'Feminino',  32,'(19)3342-5578', '(18)3365-3661');
INSERT INTO funcionario VALUES(03,  'Rodrigo', '11445790789', 'Masculino', 19, '(19)99876-3321', '(18)99478-1078');
INSERT INTO funcionario VALUES(04,  'Ryan', '43287690789', 'Masculino', 22, '(11)99875-2015', '(19)3324-1444');


-- -----------------------------------------------------
-- Inserir Editora
-- -----------------------------------------------------
INSERT INTO editora VALUES('35503303000373', 'Darkside', null, 'Av', 'Portugal', 46, 'Itaqui', '06690280' );
INSERT INTO editora VALUES('04713695000100', 'Alta Books', '(21)3995-7512', 'Rua', 'Viúva Claudio', 291, 'Industrial do Jacaré', '20970031' );
INSERT INTO editora VALUES('55789390000899', 'Companhia das Letras', '(11)3707-3500', 'Rua', 'Bandeira Paulista', 702, 'Itaim Bibi', '04532002' );
INSERT INTO editora VALUES('36713943000109', 'Globinho', null, 'Av', 'Professor Alfonso Bovero', 456, 'Perdizes', '01254000' );
INSERT INTO editora VALUES('68216860000109', 'Ciranda Cultural', null, 'Rua', 'José Albino Pereira', 54, 'Jardim Alvorada', '06612001' );
INSERT INTO editora VALUES('22016633000120', 'Harpercollins', '(21)3882-8200', 'Rua', 'da Quitanda', 86, 'Centro', '20091902' );
INSERT INTO editora VALUES('33495771000156', 'BestSeller', null, 'Rua', 'Argentina', 171, 'São Cristovão', '20921380' );
INSERT INTO editora VALUES('28165652000367', 'Versal Editores', '(24)2223-2283', 'Av', 'Rio Branco', 251, 'Centro', '20040009' );
INSERT INTO editora VALUES('47640982000140', 'Edipro', '(11)3107-7575', 'Rua', 'Teodureto Souto', 624, 'Cambuci', '01539000' );
INSERT INTO editora VALUES('20590778000105', 'Pé da letra', '(11)3733-0404', 'Rua', 'Coimbra', 255, 'Jardim Colibri', '06712410' );
INSERT INTO editora VALUES('53523551000104', 'Aleph', '(11)3743-3202', 'Rua', 'Tabapuã', 81, 'Itaim Bibi', '04533010' );
INSERT INTO editora VALUES('05660045000106', 'Intrínseca', '(21)3206-7400', 'Rua', 'Luiz Câmara', 443, 'Ramos', '21031175' );
INSERT INTO editora VALUES('14473069000147', 'Valentina', '(21)3208-8777', 'Rua', 'Santa Clara', 50, 'Peixoto', '22041012' );
INSERT INTO editora VALUES('08632336000340', 'Planeta', '(11)3087-8888', 'Rua', 'Bela Cintra', 986, 'Pinheiros', '01415002' );
INSERT INTO editora VALUES('44127355000111', 'Scipione', '(19)3236-4846', 'Rua', 'Emílio Henking', 551, 'Vila Rossi Borghi e Siqueira', '13070261' );
INSERT INTO editora VALUES('09487177000139', 'Pandorga', '(19)3236-4846', 'Rodovia', 'Raposo Tavares', 22, 'Granja Viana', '22755320' );
INSERT INTO editora VALUES('14664280000147', 'Engage Classics', '(11)3665-9900', 'Rua', 'Werner Von Siemens', 111, 'Lapa de Baixo', '05069010' );
INSERT INTO editora VALUES('05004417000146', 'Salamandra', '(11)3665-9900', 'Rua', 'Urbano Santos', 755, 'Jardim Castanha', '07182320' );
INSERT INTO editora VALUES('20294250000199', 'Kessinger', null, 'Rua', 'Padre Germano Mayer', 407, 'Cristo Rei', '80050270' );
INSERT INTO editora VALUES('03323583000180', 'Veneta', '(11)3211-1233', 'Rua', 'Araújo', 124, 'República', '01220020' );
INSERT INTO editora VALUES('32081580000347', 'Editora 34', '(11)3811-6777', 'Rua', 'Hungria', 592, 'Jardim Europa', '01455000' );


-- -----------------------------------------------------
-- Inserir Livros

-- -----------------------------------------------------
INSERT INTO livro(isbn, titulo, ano_de_publicacao, categoria, numero_de_paginas, idioma, cnpj) VALUES('9788594541758', 'Alice no País das Maravilhas (Class Edition)', '2019', 'Fantasia', 224, 'Português', '35503303000373');
INSERT INTO livro(isbn, titulo, ano_de_publicacao, categoria, numero_de_paginas, idioma, cnpj) VALUES('9786555980868', 'Alice Através do Espelho (Class Edition)', '2021', 'Fantasia', 192, 'Português', '35503303000373');
INSERT INTO livro(isbn, titulo, ano_de_publicacao, categoria, numero_de_paginas, idioma, cnpj) VALUES('9786555980325', 'O Mágico de Oz: First Edition', '2020', 'Fantasia', 240, 'Português', '35503303000373');
INSERT INTO livro(isbn, titulo, ano_de_publicacao, categoria, numero_de_paginas, idioma, cnpj) VALUES('9788576089292', 'Gerenciamento de projetos para leigos', '2015', 'Outro', 264, 'Português', '04713695000100');
INSERT INTO livro(isbn, titulo, ano_de_publicacao, categoria, numero_de_paginas, idioma, cnpj) VALUES('9788525053657', 'Geografia de Dona Benta', '2013', 'Infantil', 252, 'Português', '36713943000109');
INSERT INTO livro(isbn, titulo, ano_de_publicacao, categoria, numero_de_paginas, idioma, cnpj) VALUES('9788538087656', 'Emília no País da Gramática', '2019', 'Infantil', 128, 'Português', '68216860000109');
INSERT INTO livro(isbn, titulo, ano_de_publicacao, categoria, numero_de_paginas, idioma, cnpj) VALUES('9788535933925', 'Sapiens (Nova edição): Uma breve história da humanidade', '2020', 'Ciência', 472, 'Português', '55789390000899');
INSERT INTO livro(isbn, titulo, ano_de_publicacao, categoria, numero_de_paginas, idioma, cnpj) VALUES('9780062316110', 'Sapiens. A Brief History of Humankind', '2018', 'Ciência', 464, 'Inglês', '22016633000120');
INSERT INTO livro(isbn, titulo, ano_de_publicacao, categoria, numero_de_paginas, idioma, cnpj) VALUES('9786557121382', 'Em busca de mim', '2022', 'Biografia', 266, 'Português', '33495771000156');
INSERT INTO livro(isbn, titulo, ano_de_publicacao, categoria, numero_de_paginas, idioma, cnpj) VALUES('9786555112009', 'Respire: Uma vida em movimento', '2021', 'Biografia', 256, 'Português', '22016633000120');
INSERT INTO livro(isbn, titulo, ano_de_publicacao, categoria, numero_de_paginas, idioma, cnpj) VALUES('9786588153000', 'A Liga: Como A Premier League Se Tornou O Negócio Mais Rico E Revolucionário Do Esporte Mundial', '2020', 'Esportes', 364, 'Português', '28165652000367');
INSERT INTO livro(isbn, titulo, ano_de_publicacao, categoria, numero_de_paginas, idioma, cnpj) VALUES('9788589309882', 'Escapada', '2019', 'Biografia', 11, 'Português', '28165652000367');
INSERT INTO livro(isbn, titulo, ano_de_publicacao, categoria, numero_de_paginas, idioma, cnpj) VALUES('9788595084759', 'O Senhor dos Anéis: A Sociedade do Anel (Capa dura)', '2019', 'Fantasia', 576, 'Português', '22016633000120');
INSERT INTO livro(isbn, titulo, ano_de_publicacao, categoria, numero_de_paginas, idioma, cnpj) VALUES('9788595084766', 'O Senhor dos Anéis: As duas torres (Capa dura)', '2019', 'Fantasia', 464, 'Português', '22016633000120');
INSERT INTO livro(isbn, titulo, ano_de_publicacao, categoria, numero_de_paginas, idioma, cnpj) VALUES('9788595084773', 'O Senhor dos Anéis: O retorno do rei (Capa dura)', '2019', 'Fantasia', 528, 'Português', '22016633000120');
INSERT INTO livro(isbn, titulo, ano_de_publicacao, categoria, numero_de_paginas, idioma, cnpj) VALUES('9788595084742', 'O Hobbit (Capa dura)', '2019', 'Fantasia', 336, 'Português', '22016633000120');
INSERT INTO livro(isbn, titulo, ano_de_publicacao, categoria, numero_de_paginas, idioma, cnpj) VALUES('9786556600499', 'A Arte da Guerra: Edição Especial (Capa dura)', '2021', 'História', 160, 'Português', '47640982000140');
INSERT INTO livro(isbn, titulo, ano_de_publicacao, categoria, numero_de_paginas, idioma, cnpj) VALUES('9788595201859', 'O Príncipe Maquiavel (Capa dura)', '2019', 'História', 130, 'Português', '20590778000105');
INSERT INTO livro(isbn, titulo, ano_de_publicacao, categoria, numero_de_paginas, idioma, cnpj) VALUES('9788576573005', 'Neuromancer: 1 (Trilogia Sprawl)', '2016', 'Ficção científica', 320, 'Português', '53523551000104');
INSERT INTO livro(isbn, titulo, ano_de_publicacao, categoria, numero_de_paginas, idioma, cnpj) VALUES('9788576573012', 'Count Zero: 2 (Trilogia Sprawl)', '2017', 'Ficção científica', 312, 'Português', '53523551000104');
INSERT INTO livro(isbn, titulo, ano_de_publicacao, categoria, numero_de_paginas, idioma, cnpj) VALUES('9788576573029', 'Monalisa Overdrive: 3 (Trilogia Sprawl)', '2017', 'Ficção científica', 320, 'Português', '53523551000104');
INSERT INTO livro(isbn, titulo, ano_de_publicacao, categoria, numero_de_paginas, idioma, cnpj) VALUES('9788551002346', 'Amor & Gelato', '2017', 'Romance', 320, 'Português', '05660045000106');
INSERT INTO livro(isbn, titulo, ano_de_publicacao, categoria, numero_de_paginas, idioma, cnpj) VALUES('9786555600087', 'Amor & Sorte', '2020', 'Romance', 272, 'Português', '05660045000106');
INSERT INTO livro(isbn, titulo, ano_de_publicacao, categoria, numero_de_paginas, idioma, cnpj) VALUES('9786555603071', 'Amor & Azeitonas', '2021', 'Romance', 448, 'Português', '05660045000106');
INSERT INTO livro(isbn, titulo, ano_de_publicacao, categoria, numero_de_paginas, idioma, cnpj) VALUES('9788594318107', 'Sherlock Holmes - Um estudo em vermelho', '2019', 'Suspense', 176, 'Português', '68216860000109');
INSERT INTO livro(isbn, titulo, ano_de_publicacao, categoria, numero_de_paginas, idioma, cnpj) VALUES('9788594318169', 'Sherlock Holmes - O signo dos quatro', '2019', 'Suspense', 160, 'Português', '68216860000109');
INSERT INTO livro(isbn, titulo, ano_de_publicacao, categoria, numero_de_paginas, idioma, cnpj) VALUES('9788594318176', 'Sherlock Holmes - O vale do medo', '2019', 'Suspense', 224, 'Português', '68216860000109');
INSERT INTO livro(isbn, titulo, ano_de_publicacao, categoria, numero_de_paginas, idioma, cnpj) VALUES('9786588490365', 'Antes que o café esfrie', '2022', 'Drama', 208, 'Português', '14473069000147');
INSERT INTO livro(isbn, titulo, ano_de_publicacao, categoria, numero_de_paginas, idioma, cnpj) VALUES('9786588490594', 'Antes que o café esfrie 2', '2023', 'Drama', 208, 'Português', '14473069000147');
INSERT INTO livro(isbn, titulo, ano_de_publicacao, categoria, numero_de_paginas, idioma, cnpj) VALUES('9788595200869', 'Os Lusíadas', '2018', 'Fantasia', 283, 'Português', '20590778000105');
INSERT INTO livro(isbn, titulo, ano_de_publicacao, categoria, numero_de_paginas, idioma, cnpj) VALUES('9788542214260', 'Eu tenho sérios poemas mentais', '2018', 'Poesia', 192, 'Português', '08632336000340');
INSERT INTO livro(isbn, titulo, ano_de_publicacao, categoria, numero_de_paginas, idioma, cnpj) VALUES('9786555359244', 'Sonetos', '2018', 'Poesia', 104, 'Português', '08632336000340');
INSERT INTO livro(isbn, titulo, ano_de_publicacao, categoria, numero_de_paginas, idioma, cnpj) VALUES('9786555351354', 'Batismo de fogo: Conheça a força da superação divina', '2020', 'Religião', 144, 'Português', '08632336000340');
INSERT INTO livro(isbn, titulo, ano_de_publicacao, categoria, numero_de_paginas, idioma, cnpj) VALUES('9786555354508', 'Amor à maneira de Deus', '2021', 'Religião', 160, 'Português', '08632336000340');
INSERT INTO livro(isbn, titulo, ano_de_publicacao, categoria, numero_de_paginas, idioma, cnpj) VALUES('9788526279667', 'Viagem ao centro da terra', '2019', 'Ação e Aventura', 48, 'Português', '44127355000111');
INSERT INTO livro(isbn, titulo, ano_de_publicacao, categoria, numero_de_paginas, idioma, cnpj) VALUES('9786555790689', 'Arsène Lupin: O Ladrão de Casaca (Capa dura)', '2021', 'Ação e Aventura', 320, 'Português', '09487177000139');
INSERT INTO livro(isbn, titulo, ano_de_publicacao, categoria, numero_de_paginas, idioma, cnpj) VALUES('9781774378762', 'The Complete Works of H. P. Lovecraft (Deluxe Library Edition)', '2020', 'Outro', 1188, 'Inglês', '14664280000147');
INSERT INTO livro(isbn, titulo, ano_de_publicacao, categoria, numero_de_paginas, idioma, cnpj) VALUES('9788498381498', 'El Principito', '2016', 'Outro', 96, 'Espanhol', '05004417000146');
INSERT INTO livro(isbn, titulo, ano_de_publicacao, categoria, numero_de_paginas, idioma, cnpj) VALUES('9781168578044', 'Arsene Lupin: Gentleman-Cambrioleur', '2010', 'Ação e Aventura', 306, 'Outro', '20294250000199');
INSERT INTO livro(isbn, titulo, ano_de_publicacao, categoria, numero_de_paginas, idioma, cnpj) VALUES('9788563137272', 'O capital', '2014', 'História', 208, 'Português', '03323583000180');
INSERT INTO livro(isbn, titulo, ano_de_publicacao, categoria, numero_de_paginas, idioma, cnpj) VALUES('9788573262612', 'D. Quixote de La Mancha I: Primeiro livro', '2016', 'Ação e Aventura', 752, 'Português', '32081580000347');
INSERT INTO livro(isbn, titulo, ano_de_publicacao, categoria, numero_de_paginas, idioma, cnpj) VALUES('9788573263923', 'D. Quixote de La Mancha II: Segundo livro', '2016', 'Ação e Aventura', 856, 'Português', '32081580000347');
INSERT INTO livro(isbn, titulo, ano_de_publicacao, categoria, numero_de_paginas, idioma, cnpj) VALUES('9788573261202', 'A Divina Comédia', '2017', 'Ação e Aventura', 696, 'Português', '32081580000347');



-- -----------------------------------------------------
-- Inserir Autor
-- -----------------------------------------------------
INSERT INTO autor VALUES('Lewis Carroll', 'Outro(a)');
INSERT INTO autor VALUES('L. Frank Baum', 'Estadunidense');
INSERT INTO autor VALUES('Stanley E. Portny', 'Estadunidense');
INSERT INTO autor VALUES('Monteiro Lobato', 'Brasileiro');
INSERT INTO autor VALUES('Yuval Noah Harari', 'Outro(a)');
INSERT INTO autor VALUES('Vaiola Davis', 'Estadunidense');
INSERT INTO autor VALUES('Rickson Gracie', 'Brasileiro');
INSERT INTO autor VALUES('Joshua Robinson', 'Outro(a)');
INSERT INTO autor VALUES('Evelyn Scott', 'Estadunidense');
INSERT INTO autor VALUES('J.R.R. Tolkien', 'Outro(a)');
INSERT INTO autor VALUES('Sun Tzu', 'Outro(a)');
INSERT INTO autor VALUES('Maquiavel', 'Outro(a)');
INSERT INTO autor VALUES('William Gibson', 'Canadense');
INSERT INTO autor VALUES('Jenna Evans Welch', 'Estadunidense');
INSERT INTO autor VALUES('Arthur Conan Doyle', 'Outro(a)');
INSERT INTO autor VALUES('Toshikazu Kawaguchi', 'Outro(a)');
INSERT INTO autor VALUES('Luís De Camões', 'Português');
INSERT INTO autor VALUES('Pedro Salomão', 'Brasileiro');
INSERT INTO autor VALUES('Padre Marcelo Rossi', 'Brasileiro');
INSERT INTO autor VALUES('Padre Júlio Lancellotti', 'Brasileiro');
INSERT INTO autor VALUES('Júlio Verne', 'Francês');
INSERT INTO autor VALUES('Maurice Leblanc', 'Francês');
INSERT INTO autor VALUES('H. P. Lovecraft', 'Estadunidense');
INSERT INTO autor VALUES('Antoine de Saint-Exupery', 'Francês');
INSERT INTO autor VALUES('Karl Marx', 'Alemão');
INSERT INTO autor VALUES('Miguel de Cervantes', 'Espanhol');
INSERT INTO autor VALUES('Dante Alighieri', 'Outro(a)');




-- -----------------------------------------------------
-- Inserir relacionamento Autor-Livro
-- -----------------------------------------------------
INSERT INTO escreve VALUES('Lewis Carroll', '9788594541758');
INSERT INTO escreve VALUES('Lewis Carroll', '9786555980868');
INSERT INTO escreve VALUES('L. Frank Baum', '9786555980325');
INSERT INTO escreve VALUES('Stanley E. Portny', '9788576089292');
INSERT INTO escreve VALUES('Monteiro Lobato', '9788525053657');
INSERT INTO escreve VALUES('Monteiro Lobato', '9788538087656');
INSERT INTO escreve VALUES('Yuval Noah Harari', '9788535933925');
INSERT INTO escreve VALUES('Yuval Noah Harari', '9780062316110');
INSERT INTO escreve VALUES('Vaiola Davis', '9786557121382');
INSERT INTO escreve VALUES('Rickson Gracie', '9786555112009');
INSERT INTO escreve VALUES('Joshua Robinson', '9786588153000');
INSERT INTO escreve VALUES('Evelyn Scott', '9788589309882');
INSERT INTO escreve VALUES('J.R.R. Tolkien', '9788595084759');
INSERT INTO escreve VALUES('J.R.R. Tolkien', '9788595084766');
INSERT INTO escreve VALUES('J.R.R. Tolkien', '9788595084773');
INSERT INTO escreve VALUES('J.R.R. Tolkien', '9788595084742');
INSERT INTO escreve VALUES('Sun Tzu', '9786556600499');
INSERT INTO escreve VALUES('Maquiavel', '9788595201859');
INSERT INTO escreve VALUES('William Gibson', '9788576573005');
INSERT INTO escreve VALUES('William Gibson', '9788576573012');
INSERT INTO escreve VALUES('William Gibson', '9788576573029');
INSERT INTO escreve VALUES('Jenna Evans Welch', '9788551002346');
INSERT INTO escreve VALUES('Jenna Evans Welch', '9786555600087');
INSERT INTO escreve VALUES('Jenna Evans Welch', '9786555603071');
INSERT INTO escreve VALUES('Arthur Conan Doyle', '9788594318107');
INSERT INTO escreve VALUES('Arthur Conan Doyle', '9788594318169');
INSERT INTO escreve VALUES('Arthur Conan Doyle', '9788594318176');
INSERT INTO escreve VALUES('Toshikazu Kawaguchi', '9786588490365');
INSERT INTO escreve VALUES('Toshikazu Kawaguchi', '9786588490594');
INSERT INTO escreve VALUES('Luís De Camões', '9788595200869');
INSERT INTO escreve VALUES('Pedro Salomão', '9788542214260');
INSERT INTO escreve VALUES('Luís De Camões', '9786555359244');
INSERT INTO escreve VALUES('Padre Marcelo Rossi', '9786555351354');
INSERT INTO escreve VALUES('Padre Júlio Lancellotti', '9786555354508');
INSERT INTO escreve VALUES('Júlio Verne', '9788526279667');
INSERT INTO escreve VALUES('Maurice Leblanc', '9786555790689');
INSERT INTO escreve VALUES('H. P. Lovecraft', '9781774378762');
INSERT INTO escreve VALUES('Antoine de Saint-Exupery', '9788498381498');
INSERT INTO escreve VALUES('Maurice Leblanc', '9781168578044');
INSERT INTO escreve VALUES('Karl Marx', '9788563137272');
INSERT INTO escreve VALUES('Miguel de Cervantes', '9788573262612');
INSERT INTO escreve VALUES('Miguel de Cervantes', '9788573263923');
INSERT INTO escreve VALUES('Dante Alighieri', '9788573261202');

-- -----------------------------------------------------
-- Inserir Exemplar
-- -----------------------------------------------------
INSERT INTO exemplar VALUES(01, '9788594541758', 2);
INSERT INTO exemplar VALUES(02, '9788594541758', 4);
INSERT INTO exemplar VALUES(03, '9788594541758', 4);
INSERT INTO exemplar VALUES(01, '9786555980868', 4);
INSERT INTO exemplar VALUES(02, '9786555980868', 3);
INSERT INTO exemplar VALUES(03, '9786555980868', 3);
INSERT INTO exemplar VALUES(01, '9786555980325', 2);
INSERT INTO exemplar VALUES(02, '9786555980325', 5);
INSERT INTO exemplar VALUES(01, '9788576089292', 5);
INSERT INTO exemplar VALUES(01, '9788525053657', 2);
INSERT INTO exemplar VALUES(01, '9788538087656', 1);
INSERT INTO exemplar VALUES(01, '9788535933925', 2);
INSERT INTO exemplar VALUES(02, '9788535933925', 2);
INSERT INTO exemplar VALUES(03, '9788535933925', 5);
INSERT INTO exemplar VALUES(01, '9780062316110', 5);
INSERT INTO exemplar VALUES(01, '9786557121382', 5);
INSERT INTO exemplar VALUES(02, '9786557121382', 5);
INSERT INTO exemplar VALUES(01, '9786555112009', 4);
INSERT INTO exemplar VALUES(01, '9786588153000', 4);
INSERT INTO exemplar VALUES(01, '9788589309882', 4);
INSERT INTO exemplar VALUES(02, '9788589309882', 3);
INSERT INTO exemplar VALUES(03, '9788589309882', 4);
INSERT INTO exemplar VALUES(01, '9788595084759', 3);
INSERT INTO exemplar VALUES(01, '9788595084766', 5);
INSERT INTO exemplar VALUES(01, '9788595084773', 5);
INSERT INTO exemplar VALUES(02, '9788595084773', 5);
INSERT INTO exemplar VALUES(01, '9788595084742', 4);
INSERT INTO exemplar VALUES(01, '9786556600499', 4);
INSERT INTO exemplar VALUES(01, '9788595201859', 4);
INSERT INTO exemplar VALUES(01, '9788576573005', 4);
INSERT INTO exemplar VALUES(01, '9788576573012', 2);
INSERT INTO exemplar VALUES(01, '9788576573029', 2);
INSERT INTO exemplar VALUES(02, '9788576573029', 2);
INSERT INTO exemplar VALUES(03, '9788576573029', 3);
INSERT INTO exemplar VALUES(01, '9788551002346', 3);
INSERT INTO exemplar VALUES(01, '9786555600087', 3);
INSERT INTO exemplar VALUES(01, '9786555603071', 3);
INSERT INTO exemplar VALUES(01, '9788594318107', 4);
INSERT INTO exemplar VALUES(01, '9788594318169', 4);
INSERT INTO exemplar VALUES(02, '9788594318169', 5);
INSERT INTO exemplar VALUES(03, '9788594318169', 3);
INSERT INTO exemplar VALUES(01, '9788594318176', 4);
INSERT INTO exemplar VALUES(01, '9786588490365', 2);
INSERT INTO exemplar VALUES(02, '9786588490365', 1);
INSERT INTO exemplar VALUES(01, '9786588490594', 2);
INSERT INTO exemplar VALUES(01, '9788595200869', 5);
INSERT INTO exemplar VALUES(01, '9788542214260', 5);
INSERT INTO exemplar VALUES(01, '9786555359244', 4);
INSERT INTO exemplar VALUES(02, '9786555359244', 4);
INSERT INTO exemplar VALUES(01, '9786555351354', 4);
INSERT INTO exemplar VALUES(01, '9786555354508', 5);
INSERT INTO exemplar VALUES(01, '9788526279667', 4);
INSERT INTO exemplar VALUES(01, '9786555790689', 5);
INSERT INTO exemplar VALUES(01, '9781774378762', 4);
INSERT INTO exemplar VALUES(02, '9788498381498', 5);
INSERT INTO exemplar VALUES(01, '9781168578044', 5);
INSERT INTO exemplar VALUES(02, '9781168578044', 5);
INSERT INTO exemplar VALUES(03, '9781168578044', 5);
INSERT INTO exemplar VALUES(04, '9781168578044', 4);
INSERT INTO exemplar VALUES(01, '9788563137272', 4);
INSERT INTO exemplar VALUES(01, '9788573262612', 3);
INSERT INTO exemplar VALUES(02, '9788573262612', 3);
INSERT INTO exemplar VALUES(03, '9788573262612', 5);
INSERT INTO exemplar VALUES(04, '9788573262612', 5);
INSERT INTO exemplar VALUES(05, '9788573262612', 5);
INSERT INTO exemplar VALUES(01, '9788573263923', 4);
INSERT INTO exemplar VALUES(01, '9788573261202', 3);

-- -----------------------------------------------------
-- Inserir Empréstimos
-- -----------------------------------------------------
INSERT INTO emprestimo VALUES(01, '9786555980868', 01, 02, '2023-04-01', '2023-04-15');
INSERT INTO emprestimo VALUES(01, '9786555980868', 02, 02, '2023-04-01', '2023-04-15') ;
INSERT INTO emprestimo VALUES(05, '9786588490594', 01, 01, '2023-04-02', '2023-04-17');
INSERT INTO emprestimo VALUES(02, '9788576573012', 01, 04, '2023-04-02', '2023-04-17');
INSERT INTO emprestimo VALUES(03, '9786555354508', 01, 04, '2023-03-27', '2023-04-12');
INSERT INTO emprestimo VALUES(07, '9781774378762', 01, 01, '2023-04-01', '2023-04-15');
INSERT INTO emprestimo VALUES(10, '9788594541758', 01, 02, '2023-03-28', '2023-04-13');
INSERT INTO emprestimo VALUES(12, '9788594541758', 02, 02, '2023-04-01', '2023-04-15');
INSERT INTO emprestimo VALUES(11, '9786555980325', 01, 02, '2023-04-02', '2023-04-17');
INSERT INTO emprestimo VALUES(17, '9786555980325', 02, 04, '2023-04-01', '2023-04-15');